epoch,step,train_loss
0,0,6.081516265869141
0,1,5.318775653839111
0,2,4.055156230926514
0,3,3.2312021255493164
0,4,1.7244386672973633
