epoch,step,train_loss
0,0,6.991063117980957
0,1,6.540498733520508
0,2,6.051628589630127
0,3,5.553775310516357
0,4,5.0537190437316895
